customer_id,age,annual_income,is_vulnerable,vulnerability_score,credit_score,digital_literacy_level,risk_profile,customer_tenure_years
mule_cust_000000,23,34014.29,True,0.643,502,low,critical,0.00821917808219178
mule_cust_000001,24,16999.5,True,0.757,503,low,high,0.0027397260273972603
mule_cust_000002,27,15411.69,True,0.89,437,medium,critical,0.0027397260273972603
mule_cust_000003,18,34844.23,True,0.799,635,medium,high,0.00821917808219178
mule_cust_000004,18,25495.49,True,0.698,587,low,high,0.0136986301369863
mule_cust_000005,23,24121.4,True,0.841,454,low,critical,0.0136986301369863
mule_cust_000006,34,24335.26,True,0.878,472,medium,critical,0.1643835616438356
mule_cust_000007,19,33977.71,True,0.768,408,medium,critical,0.0821917808219178
mule_cust_000008,18,19617.88,True,0.661,571,medium,high,0.1643835616438356
mule_cust_000009,24,15687.77,True,0.78,503,low,critical,0.010958904109589041
mule_cust_000010,28,23503.12,True,0.842,620,low,high,0.057534246575342465
mule_cust_000011,33,30502.66,True,0.808,413,medium,critical,0.00821917808219178
mule_cust_000012,28,21530.82,True,0.809,589,low,high,0.005479452054794521
mule_cust_000013,22,22773.55,True,0.804,553,medium,high,0.0027397260273972603
mule_cust_000014,33,27140.68,True,0.761,444,low,high,0.010958904109589041
mule_cust_000015,19,34737.74,True,0.668,615,low,critical,0.038356164383561646
mule_cust_000016,18,18976.85,True,0.863,522,medium,critical,0.005479452054794521
mule_cust_000017,19,22169.31,True,0.702,471,medium,high,0.019178082191780823
mule_cust_000018,24,16908.2,True,0.774,436,medium,high,0.0273972602739726
mule_cust_000019,28,27751.15,True,0.671,500,low,critical,0.1232876712328767
mule_cust_000020,33,31978.28,True,0.777,541,low,critical,0.0273972602739726
mule_cust_000021,24,25454.66,True,0.75,604,low,high,0.010958904109589041
mule_cust_000022,21,32915.27,True,0.699,531,low,high,0.0273972602739726
mule_cust_000023,31,19985.84,True,0.881,435,medium,high,0.0136986301369863
mule_cust_000024,32,26977.31,True,0.809,569,medium,high,0.0136986301369863
mule_cust_000025,29,27668.08,True,0.658,443,medium,critical,0.00821917808219178
mule_cust_000026,23,32665.61,True,0.647,616,low,high,0.00821917808219178
mule_cust_000027,22,17201.04,True,0.665,515,low,high,0.038356164383561646
mule_cust_000028,23,21095.63,True,0.839,461,low,high,0.0027397260273972603
mule_cust_000029,21,17397.31,True,0.672,517,medium,high,0.010958904109589041
mule_cust_000030,21,26162.04,True,0.827,585,low,high,0.005479452054794521
mule_cust_000031,33,20035.65,True,0.739,512,low,high,0.0027397260273972603
mule_cust_000032,35,20335.62,True,0.649,486,low,critical,0.0027397260273972603
mule_cust_000033,22,33165.32,True,0.764,571,low,high,0.019178082191780823
mule_cust_000034,24,26057.86,True,0.701,583,low,high,0.00821917808219178
mule_cust_000035,21,29564.33,True,0.725,597,medium,high,0.00821917808219178
mule_cust_000036,23,31328.64,True,0.879,586,low,critical,0.0136986301369863
mule_cust_000037,21,15815.5,True,0.63,546,medium,high,0.010958904109589041
mule_cust_000038,27,31190.02,True,0.628,632,low,high,0.1232876712328767
mule_cust_000039,27,22734.71,True,0.732,619,low,critical,0.0136986301369863
mule_cust_000040,28,19181.43,True,0.719,406,medium,high,0.00821917808219178
mule_cust_000041,27,31344.44,True,0.826,401,low,high,0.0027397260273972603
mule_cust_000042,35,34308.39,True,0.741,646,medium,high,0.0027397260273972603
mule_cust_000043,22,21984.19,True,0.861,551,medium,critical,0.0027397260273972603
mule_cust_000044,23,32755.4,True,0.891,563,medium,critical,0.1232876712328767
mule_cust_000045,31,27128.58,True,0.718,498,low,high,0.019178082191780823
mule_cust_000046,33,20678.42,True,0.761,562,low,high,0.00821917808219178
mule_cust_000047,27,19485.39,True,0.88,420,low,critical,0.038356164383561646
mule_cust_000048,20,22329.38,True,0.891,527,medium,critical,0.0027397260273972603
mule_cust_000049,25,16873.5,True,0.899,637,low,high,0.038356164383561646
mule_cust_000050,26,34577.86,True,0.669,426,medium,high,0.0273972602739726
mule_cust_000051,29,25052.74,True,0.89,596,low,high,0.019178082191780823
mule_cust_000052,21,24983.87,True,0.785,416,medium,high,0.038356164383561646
mule_cust_000053,35,24398.89,True,0.809,523,medium,high,0.019178082191780823
mule_cust_000054,18,33566.37,True,0.774,498,medium,high,0.010958904109589041
mule_cust_000055,34,16506.93,True,0.742,560,low,high,0.0136986301369863
mule_cust_000056,22,18389.85,True,0.738,457,medium,high,0.005479452054794521
mule_cust_000057,32,16408.32,True,0.876,550,medium,high,0.00821917808219178
mule_cust_000058,20,25366.59,True,0.619,560,medium,critical,0.005479452054794521
mule_cust_000059,20,29178.22,True,0.606,425,low,high,0.0027397260273972603
mule_cust_000060,29,32341.45,True,0.626,456,low,critical,0.005479452054794521
mule_cust_000061,26,18885.48,True,0.707,541,low,high,0.019178082191780823
mule_cust_000062,31,21759.9,True,0.652,614,low,high,0.019178082191780823
mule_cust_000063,27,21563.05,True,0.845,549,medium,high,0.0027397260273972603
mule_cust_000064,26,15610.0,True,0.697,453,medium,high,0.005479452054794521
mule_cust_000065,25,21533.02,True,0.76,507,low,critical,0.0136986301369863
mule_cust_000066,26,16706.95,True,0.635,446,low,high,0.00821917808219178
mule_cust_000067,27,17767.06,True,0.714,505,medium,high,0.019178082191780823
mule_cust_000068,22,30903.72,True,0.671,582,low,high,0.0273972602739726
mule_cust_000069,21,18686.67,True,0.762,539,low,high,0.0821917808219178
mule_cust_000070,23,18465.89,True,0.7,525,low,high,0.0136986301369863
mule_cust_000071,19,18657.32,True,0.675,588,medium,critical,0.0273972602739726
mule_cust_000072,28,26087.08,True,0.781,475,low,high,0.0027397260273972603
mule_cust_000073,25,18172.93,True,0.704,619,low,high,0.0136986301369863
mule_cust_000074,18,15814.58,True,0.605,603,medium,critical,0.0821917808219178
mule_cust_000075,18,30267.29,True,0.623,621,low,critical,0.0821917808219178
mule_cust_000076,26,15961.18,True,0.693,579,medium,critical,0.038356164383561646
mule_cust_000077,23,27517.2,True,0.704,468,medium,high,0.019178082191780823
mule_cust_000078,27,27317.02,True,0.774,619,medium,critical,0.0273972602739726
mule_cust_000079,26,33804.6,True,0.751,523,low,high,0.0027397260273972603
mule_cust_000080,20,31224.08,True,0.776,464,medium,critical,0.0027397260273972603
mule_cust_000081,33,33107.01,True,0.826,494,low,high,0.0273972602739726
mule_cust_000082,23,15779.26,True,0.669,489,low,high,0.057534246575342465
mule_cust_000083,22,31897.51,True,0.781,504,medium,high,0.0027397260273972603
mule_cust_000084,24,28857.81,True,0.854,519,medium,high,0.1232876712328767
mule_cust_000085,28,31069.62,True,0.68,600,low,high,0.057534246575342465
mule_cust_000086,25,26518.49,True,0.741,640,low,critical,0.010958904109589041
mule_cust_000087,28,21816.07,True,0.64,512,medium,critical,0.010958904109589041
mule_cust_000088,27,29798.18,True,0.849,512,low,high,0.0273972602739726
mule_cust_000089,25,31529.15,True,0.874,576,medium,high,0.0027397260273972603
mule_cust_000090,19,34170.83,True,0.875,427,low,critical,0.00821917808219178
mule_cust_000091,32,34012.14,True,0.779,516,medium,high,0.019178082191780823
mule_cust_000092,19,27048.82,True,0.807,452,low,high,0.0136986301369863
mule_cust_000093,29,30792.36,True,0.641,566,low,high,0.005479452054794521
mule_cust_000094,35,16117.42,True,0.855,474,low,critical,0.010958904109589041
mule_cust_000095,20,17859.83,True,0.875,629,medium,critical,0.010958904109589041
mule_cust_000096,19,29019.38,True,0.849,521,medium,high,0.0273972602739726
mule_cust_000097,20,25266.52,True,0.695,508,low,high,0.019178082191780823
mule_cust_000098,23,31255.99,True,0.606,531,medium,critical,0.038356164383561646
mule_cust_000099,23,29163.62,True,0.862,566,low,high,0.0136986301369863
mule_cust_000100,24,33127.09,True,0.689,540,low,high,0.0273972602739726
mule_cust_000101,23,26429.46,True,0.836,526,medium,critical,0.0027397260273972603
mule_cust_000102,26,29920.9,True,0.851,590,medium,high,0.010958904109589041
mule_cust_000103,24,16657.83,True,0.891,457,low,high,0.038356164383561646
mule_cust_000104,18,34397.58,True,0.667,517,medium,high,0.0821917808219178
mule_cust_000105,31,33382.31,True,0.699,584,medium,high,0.019178082191780823
mule_cust_000106,25,27587.97,True,0.633,516,low,high,0.0273972602739726
mule_cust_000107,27,22684.04,True,0.864,473,medium,critical,0.2465753424657534
mule_cust_000108,32,32805.28,True,0.657,407,medium,high,0.019178082191780823
mule_cust_000109,20,27936.97,True,0.85,427,low,high,0.1232876712328767
mule_cust_000110,19,34487.9,True,0.632,544,medium,critical,0.0027397260273972603
mule_cust_000111,22,23224.13,True,0.884,540,low,high,0.0136986301369863
mule_cust_000112,31,31450.74,True,0.734,446,medium,critical,0.0273972602739726
mule_cust_000113,31,16654.97,True,0.648,404,low,critical,0.019178082191780823
mule_cust_000114,18,22529.27,True,0.796,576,medium,critical,0.1232876712328767
mule_cust_000115,23,29991.57,True,0.694,576,medium,high,0.1232876712328767
mule_cust_000116,29,24373.86,True,0.656,639,low,high,0.0273972602739726
mule_cust_000117,19,28834.29,True,0.656,402,medium,high,0.0273972602739726
mule_cust_000118,25,30379.75,True,0.698,544,medium,critical,0.0027397260273972603
mule_cust_000119,21,19100.91,True,0.797,403,low,high,0.010958904109589041
mule_cust_000120,21,28434.01,True,0.785,471,low,high,0.1232876712328767
mule_cust_000121,18,24963.3,True,0.719,449,medium,high,0.0136986301369863
mule_cust_000122,30,26038.14,True,0.609,456,medium,high,0.0136986301369863
mule_cust_000123,26,24600.92,True,0.624,541,medium,high,0.0027397260273972603
mule_cust_000124,27,19259.28,True,0.795,437,low,high,0.0136986301369863
mule_cust_000125,26,27732.89,True,0.816,625,low,high,0.019178082191780823
mule_cust_000126,23,25279.79,True,0.652,646,low,critical,0.2465753424657534
mule_cust_000127,25,28952.84,True,0.776,544,low,critical,0.010958904109589041
mule_cust_000128,24,20164.89,True,0.715,452,medium,high,0.00821917808219178
mule_cust_000129,23,19182.62,True,0.856,510,low,high,0.038356164383561646
mule_cust_000130,20,17560.92,True,0.72,407,low,high,0.005479452054794521
mule_cust_000131,21,28930.03,True,0.699,554,medium,high,0.0027397260273972603
mule_cust_000132,27,18446.4,True,0.782,404,low,high,0.019178082191780823
mule_cust_000133,23,21952.38,True,0.637,532,low,high,0.0136986301369863
mule_cust_000134,24,19126.67,True,0.744,444,low,high,0.0027397260273972603
mule_cust_000135,22,16845.81,True,0.638,455,medium,high,0.0027397260273972603
mule_cust_000136,30,33417.45,True,0.653,400,low,high,0.0027397260273972603
mule_cust_000137,19,26945.56,True,0.839,455,low,critical,0.038356164383561646
mule_cust_000138,24,27365.1,True,0.893,508,low,high,0.019178082191780823
mule_cust_000139,19,17954.78,True,0.87,550,medium,high,0.057534246575342465
mule_cust_000140,25,25642.27,True,0.714,626,low,high,0.00821917808219178
mule_cust_000141,23,17097.38,True,0.75,438,low,critical,0.019178082191780823
mule_cust_000142,22,19228.96,True,0.743,544,low,high,0.1232876712328767
mule_cust_000143,23,24479.4,True,0.796,545,medium,high,0.0136986301369863
mule_cust_000144,19,25742.13,True,0.762,512,medium,high,0.005479452054794521
mule_cust_000145,25,22575.45,True,0.758,463,medium,high,0.019178082191780823
mule_cust_000146,25,22121.93,True,0.79,432,medium,critical,0.0027397260273972603
mule_cust_000147,18,19506.66,True,0.87,493,low,high,0.019178082191780823
mule_cust_000148,21,20701.9,True,0.736,646,medium,high,0.005479452054794521
mule_cust_000149,19,15364.85,True,0.791,405,medium,high,0.005479452054794521
mule_cust_000150,23,34389.41,True,0.808,512,medium,critical,0.019178082191780823
mule_cust_000151,24,29457.92,True,0.72,602,medium,critical,0.0027397260273972603
mule_cust_000152,25,20599.58,True,0.804,517,low,critical,0.00821917808219178
mule_cust_000153,27,18990.14,True,0.769,400,low,critical,0.010958904109589041
mule_cust_000154,26,20772.61,True,0.799,499,low,high,0.005479452054794521
mule_cust_000155,22,26877.66,True,0.628,404,low,high,0.0821917808219178
mule_cust_000156,19,34799.2,True,0.703,464,medium,high,0.038356164383561646
mule_cust_000157,20,15054.22,True,0.772,437,low,high,0.00821917808219178
mule_cust_000158,23,21977.37,True,0.642,635,medium,critical,0.00821917808219178
mule_cust_000159,23,33658.76,True,0.773,626,low,critical,0.038356164383561646
mule_cust_000160,19,29822.41,True,0.743,471,medium,high,0.00821917808219178
mule_cust_000161,29,30010.04,True,0.792,564,medium,critical,0.005479452054794521
mule_cust_000162,29,28303.94,True,0.786,636,low,high,0.019178082191780823
mule_cust_000163,26,28659.64,True,0.844,431,medium,high,0.010958904109589041
mule_cust_000164,24,21027.56,True,0.724,552,low,critical,0.00821917808219178
mule_cust_000165,23,22829.64,True,0.657,503,low,high,0.0273972602739726
mule_cust_000166,26,17337.96,True,0.736,599,medium,critical,0.00821917808219178
mule_cust_000167,27,18334.62,True,0.887,621,low,critical,0.0027397260273972603
mule_cust_000168,31,30771.94,True,0.848,628,low,high,0.0027397260273972603
mule_cust_000169,28,17862.56,True,0.804,404,medium,high,0.00821917808219178
mule_cust_000170,30,21841.63,True,0.689,627,low,critical,0.0027397260273972603
mule_cust_000171,24,27079.16,True,0.625,556,low,high,0.0273972602739726
mule_cust_000172,21,29445.05,True,0.793,642,medium,critical,0.00821917808219178
mule_cust_000173,25,29323.58,True,0.844,473,medium,high,0.0027397260273972603
mule_cust_000174,23,19547.02,True,0.682,506,low,high,0.0027397260273972603
mule_cust_000175,20,26724.6,True,0.763,510,medium,high,0.019178082191780823
mule_cust_000176,28,26859.26,True,0.881,532,medium,high,0.005479452054794521
mule_cust_000177,31,29144.77,True,0.827,521,low,high,0.005479452054794521
mule_cust_000178,19,16546.42,True,0.767,410,medium,high,0.019178082191780823
mule_cust_000179,24,17264.76,True,0.845,581,medium,critical,0.0273972602739726
mule_cust_000180,29,21642.93,True,0.825,542,low,high,0.019178082191780823
mule_cust_000181,23,16095.23,True,0.866,516,medium,high,0.019178082191780823
mule_cust_000182,26,17285.35,True,0.776,437,medium,high,0.00821917808219178
mule_cust_000183,23,21939.06,True,0.749,570,low,critical,0.019178082191780823
mule_cust_000184,18,33254.99,True,0.821,579,low,high,0.0027397260273972603
mule_cust_000185,23,33296.92,True,0.806,549,low,high,0.00821917808219178
mule_cust_000186,21,19253.62,True,0.682,504,medium,high,0.0273972602739726
mule_cust_000187,20,23292.48,True,0.745,448,medium,high,0.00821917808219178
mule_cust_000188,22,21198.74,True,0.641,583,low,high,0.0027397260273972603
mule_cust_000189,31,19102.79,True,0.682,429,low,high,0.019178082191780823
mule_cust_000190,29,26749.07,True,0.723,641,medium,high,0.010958904109589041
mule_cust_000191,25,23815.25,True,0.678,462,low,high,0.057534246575342465
mule_cust_000192,19,21687.26,True,0.705,409,medium,high,0.1643835616438356
mule_cust_000193,22,27879.99,True,0.817,619,low,high,0.0027397260273972603
mule_cust_000194,29,32339.88,True,0.801,466,low,high,0.0273972602739726
mule_cust_000195,21,28437.85,True,0.749,638,low,high,0.010958904109589041
mule_cust_000196,25,32749.21,True,0.672,434,medium,high,0.057534246575342465
mule_cust_000197,21,29445.34,True,0.797,595,medium,critical,0.1643835616438356
mule_cust_000198,32,17821.64,True,0.694,609,low,high,0.00821917808219178
mule_cust_000199,18,16710.17,True,0.683,524,low,high,0.005479452054794521
mule_cust_000200,30,27858.51,True,0.625,596,medium,critical,0.0027397260273972603
mule_cust_000201,23,20188.47,True,0.649,539,low,high,0.038356164383561646
mule_cust_000202,29,21903.84,True,0.846,452,low,critical,0.0136986301369863
mule_cust_000203,22,33969.07,True,0.673,601,low,critical,0.0273972602739726
mule_cust_000204,25,34707.35,True,0.773,513,low,high,0.0027397260273972603
mule_cust_000205,18,20373.55,True,0.805,502,medium,high,0.038356164383561646
mule_cust_000206,21,27901.08,True,0.829,428,low,high,0.019178082191780823
mule_cust_000207,20,20446.15,True,0.6,484,medium,high,0.0273972602739726
mule_cust_000208,29,24961.82,True,0.726,629,low,high,0.00821917808219178
mule_cust_000209,29,19128.43,True,0.768,456,low,high,0.1232876712328767
mule_cust_000210,22,29643.69,True,0.69,452,medium,high,0.0136986301369863
mule_cust_000211,20,33288.24,True,0.897,521,low,high,0.00821917808219178
mule_cust_000212,24,22077.43,True,0.676,580,low,critical,0.0136986301369863
mule_cust_000213,26,19906.98,True,0.808,563,low,high,0.010958904109589041
mule_cust_000214,27,20942.43,True,0.837,510,low,high,0.0821917808219178
mule_cust_000215,32,17700.03,True,0.895,638,low,high,0.019178082191780823
mule_cust_000216,22,26901.56,True,0.699,508,low,high,0.010958904109589041
mule_cust_000217,20,27466.65,True,0.685,439,low,high,0.005479452054794521
mule_cust_000218,28,24909.83,True,0.752,438,low,high,0.010958904109589041
mule_cust_000219,19,16555.31,True,0.814,501,medium,high,0.0136986301369863
mule_cust_000220,26,22219.48,True,0.612,588,medium,high,0.00821917808219178
mule_cust_000221,29,28811.2,True,0.721,479,low,high,0.005479452054794521
mule_cust_000222,30,29644.5,True,0.635,517,medium,critical,0.0273972602739726
mule_cust_000223,26,34611.54,True,0.76,458,medium,critical,0.005479452054794521
mule_cust_000224,34,33881.19,True,0.729,598,medium,high,0.0027397260273972603
mule_cust_000225,35,26116.13,True,0.696,478,low,high,0.005479452054794521
mule_cust_000226,27,20946.98,True,0.867,614,medium,critical,0.00821917808219178
mule_cust_000227,29,29901.29,True,0.803,586,low,high,0.0027397260273972603
mule_cust_000228,29,15740.15,True,0.752,587,low,high,0.00821917808219178
mule_cust_000229,24,32699.97,True,0.639,614,low,high,0.00821917808219178
mule_cust_000230,19,21305.81,True,0.645,552,medium,high,0.00821917808219178
mule_cust_000231,28,25403.36,True,0.848,593,medium,high,0.1643835616438356
mule_cust_000232,18,32401.98,True,0.9,540,medium,high,0.005479452054794521
mule_cust_000233,23,33651.8,True,0.719,428,low,high,0.038356164383561646
mule_cust_000234,28,23038.62,True,0.837,583,medium,high,0.010958904109589041
mule_cust_000235,22,22965.75,True,0.859,483,low,high,0.038356164383561646
mule_cust_000236,28,19775.54,True,0.86,557,low,high,0.00821917808219178
mule_cust_000237,30,29311.07,True,0.732,580,low,high,0.010958904109589041
mule_cust_000238,34,23555.46,True,0.879,539,medium,high,0.057534246575342465
mule_cust_000239,32,30959.79,True,0.838,438,low,high,0.057534246575342465
mule_cust_000240,30,33894.64,True,0.602,552,medium,high,0.005479452054794521
mule_cust_000241,28,16299.73,True,0.806,453,medium,high,0.038356164383561646
mule_cust_000242,26,25253.77,True,0.805,617,low,high,0.00821917808219178
mule_cust_000243,18,34145.41,True,0.72,453,medium,critical,0.038356164383561646
mule_cust_000244,33,32675.72,True,0.707,460,medium,critical,0.0027397260273972603
mule_cust_000245,22,25304.96,True,0.739,402,medium,high,0.0027397260273972603
mule_cust_000246,29,19488.81,True,0.865,472,low,high,0.00821917808219178
mule_cust_000247,31,32202.54,True,0.852,522,low,high,0.0273972602739726
mule_cust_000248,20,32774.96,True,0.872,408,medium,critical,0.005479452054794521
mule_cust_000249,22,33631.79,True,0.811,523,low,critical,0.010958904109589041
mule_cust_000250,23,20195.08,True,0.632,597,low,critical,0.005479452054794521
mule_cust_000251,33,17189.38,True,0.831,513,medium,critical,0.019178082191780823
mule_cust_000252,24,24611.73,True,0.794,455,medium,high,0.057534246575342465
mule_cust_000253,27,25875.58,True,0.805,615,medium,critical,0.0273972602739726
mule_cust_000254,29,28169.04,True,0.873,568,medium,critical,0.0136986301369863
mule_cust_000255,22,19773.8,True,0.889,554,low,critical,0.0273972602739726
mule_cust_000256,28,18172.1,True,0.715,642,medium,critical,0.019178082191780823
mule_cust_000257,30,15102.9,True,0.77,438,low,critical,0.005479452054794521
mule_cust_000258,20,31359.34,True,0.646,438,low,critical,0.0136986301369863
mule_cust_000259,21,16681.96,True,0.672,503,low,high,0.0273972602739726
mule_cust_000260,21,27680.11,True,0.854,469,medium,high,0.019178082191780823
mule_cust_000261,22,15368.55,True,0.687,555,medium,high,0.005479452054794521
mule_cust_000262,26,33640.56,True,0.759,495,medium,high,0.057534246575342465
mule_cust_000263,28,33945.96,True,0.768,544,medium,high,0.0136986301369863
mule_cust_000264,26,21917.66,True,0.659,449,low,high,0.010958904109589041
mule_cust_000265,35,28521.05,True,0.604,579,medium,high,0.2465753424657534
mule_cust_000266,28,15491.74,True,0.856,478,low,high,0.038356164383561646
mule_cust_000267,29,20050.17,True,0.603,625,low,high,0.00821917808219178
mule_cust_000268,35,23523.63,True,0.729,518,low,high,0.0821917808219178
mule_cust_000269,29,20967.49,True,0.791,483,medium,critical,0.010958904109589041
mule_cust_000270,27,20465.19,True,0.725,491,low,critical,0.0027397260273972603
mule_cust_000271,28,33190.49,True,0.644,546,medium,critical,0.0821917808219178
mule_cust_000272,22,34679.55,True,0.871,414,medium,high,0.005479452054794521
mule_cust_000273,28,19007.18,True,0.778,417,medium,critical,0.010958904109589041
mule_cust_000274,30,24464.2,True,0.818,544,low,critical,0.019178082191780823
mule_cust_000275,19,18073.16,True,0.777,598,low,high,0.00821917808219178
mule_cust_000276,26,17624.9,True,0.657,530,medium,high,0.00821917808219178
mule_cust_000277,21,24241.95,True,0.681,525,low,high,0.0273972602739726
mule_cust_000278,27,23606.12,True,0.763,462,low,high,0.00821917808219178
mule_cust_000279,27,21518.51,True,0.814,463,low,high,0.005479452054794521
mule_cust_000280,24,15232.41,True,0.739,509,low,high,0.0027397260273972603
mule_cust_000281,33,29437.75,True,0.894,501,medium,high,0.0273972602739726
mule_cust_000282,31,29485.71,True,0.715,475,low,critical,0.0273972602739726
mule_cust_000283,34,17849.91,True,0.764,547,medium,high,0.038356164383561646
mule_cust_000284,23,30516.09,True,0.64,624,low,critical,0.0027397260273972603
mule_cust_000285,19,22012.54,True,0.895,549,low,high,0.0027397260273972603
mule_cust_000286,22,34549.33,True,0.863,542,medium,high,0.005479452054794521
mule_cust_000287,21,18349.65,True,0.793,594,medium,high,0.005479452054794521
mule_cust_000288,31,26895.53,True,0.62,440,medium,high,0.019178082191780823
mule_cust_000289,27,32419.38,True,0.679,461,medium,critical,0.005479452054794521
mule_cust_000290,26,24687.97,True,0.885,533,low,high,0.010958904109589041
mule_cust_000291,29,24046.37,True,0.735,505,low,high,0.0027397260273972603
mule_cust_000292,24,29496.53,True,0.664,424,medium,high,0.019178082191780823
mule_cust_000293,30,19384.28,True,0.763,535,low,critical,0.0027397260273972603
mule_cust_000294,30,23673.11,True,0.698,597,low,high,0.005479452054794521
mule_cust_000295,27,19569.09,True,0.764,530,medium,critical,0.0027397260273972603
mule_cust_000296,19,23065.23,True,0.623,606,low,high,0.0273972602739726
mule_cust_000297,21,24252.46,True,0.715,588,medium,critical,0.00821917808219178
mule_cust_000298,30,27575.3,True,0.728,587,medium,critical,0.005479452054794521
mule_cust_000299,18,32340.63,True,0.675,516,low,high,0.038356164383561646
mule_cust_000300,23,27123.77,True,0.607,438,medium,high,0.010958904109589041
mule_cust_000301,22,26847.01,True,0.678,636,low,critical,0.0136986301369863
mule_cust_000302,24,31719.96,True,0.602,499,medium,high,0.005479452054794521
mule_cust_000303,31,18593.66,True,0.79,518,medium,high,0.010958904109589041
mule_cust_000304,23,16382.66,True,0.803,524,low,high,0.005479452054794521
mule_cust_000305,24,25296.35,True,0.669,469,low,high,0.057534246575342465
mule_cust_000306,27,21242.96,True,0.65,404,medium,high,0.005479452054794521
mule_cust_000307,22,30469.46,True,0.717,446,medium,high,0.005479452054794521
mule_cust_000308,21,32674.19,True,0.652,492,low,high,0.005479452054794521
mule_cust_000309,22,31577.67,True,0.829,570,low,high,0.010958904109589041
mule_cust_000310,32,20050.56,True,0.807,506,low,high,0.0273972602739726
mule_cust_000311,28,28276.09,True,0.837,443,medium,high,0.0027397260273972603
mule_cust_000312,24,32284.32,True,0.661,547,low,high,0.005479452054794521
mule_cust_000313,22,16141.74,True,0.841,428,medium,high,0.057534246575342465
mule_cust_000314,26,19494.02,True,0.739,560,low,high,0.2465753424657534
mule_cust_000315,25,15831.46,True,0.62,615,medium,high,0.019178082191780823
mule_cust_000316,27,15347.6,True,0.823,438,medium,high,0.019178082191780823
mule_cust_000317,24,25311.92,True,0.774,483,medium,high,0.005479452054794521
mule_cust_000318,20,17654.29,True,0.861,523,medium,high,0.0027397260273972603
mule_cust_000319,27,34398.24,True,0.76,495,medium,high,0.0273972602739726
mule_cust_000320,21,34266.94,True,0.619,518,medium,high,0.0273972602739726
mule_cust_000321,32,28664.96,True,0.739,535,medium,high,0.038356164383561646
mule_cust_000322,30,30370.39,True,0.899,595,medium,high,0.010958904109589041
mule_cust_000323,27,19313.5,True,0.857,468,low,high,0.038356164383561646
mule_cust_000324,25,21971.47,True,0.796,462,medium,high,0.005479452054794521
mule_cust_000325,33,23138.16,True,0.787,476,medium,critical,0.0027397260273972603
mule_cust_000326,22,17182.19,True,0.861,531,medium,high,0.019178082191780823
mule_cust_000327,27,31156.92,True,0.778,482,medium,critical,0.00821917808219178
mule_cust_000328,30,22513.45,True,0.892,612,medium,high,0.010958904109589041
mule_cust_000329,22,22329.23,True,0.885,459,medium,high,0.0136986301369863
mule_cust_000330,25,26929.71,True,0.886,501,low,high,0.019178082191780823
mule_cust_000331,19,27068.97,True,0.727,573,medium,high,0.019178082191780823
mule_cust_000332,25,25847.27,True,0.686,555,medium,critical,0.019178082191780823
mule_cust_000333,18,21824.96,True,0.731,436,low,high,0.2465753424657534
mule_cust_000334,21,24533.91,True,0.681,445,low,high,0.019178082191780823
mule_cust_000335,27,34110.47,True,0.69,646,low,high,0.005479452054794521
mule_cust_000336,31,16425.61,True,0.623,450,medium,critical,0.0027397260273972603
mule_cust_000337,19,33688.72,True,0.691,524,low,high,0.005479452054794521
mule_cust_000338,26,25461.69,True,0.738,555,medium,high,0.0027397260273972603
mule_cust_000339,25,21226.15,True,0.867,576,medium,high,0.0136986301369863
mule_cust_000340,33,31463.48,True,0.637,507,low,high,0.005479452054794521
mule_cust_000341,21,25503.27,True,0.721,569,low,critical,0.010958904109589041
mule_cust_000342,21,33355.05,True,0.871,453,low,high,0.0821917808219178
mule_cust_000343,25,15868.25,True,0.819,518,medium,high,0.0136986301369863
mule_cust_000344,26,25303.5,True,0.861,414,medium,high,0.00821917808219178
mule_cust_000345,26,23220.57,True,0.612,607,medium,critical,0.019178082191780823
mule_cust_000346,25,20112.9,True,0.729,499,medium,high,0.005479452054794521
mule_cust_000347,24,28351.0,True,0.753,624,medium,high,0.2465753424657534
mule_cust_000348,24,18059.68,True,0.607,560,medium,high,0.0821917808219178
mule_cust_000349,21,16914.29,True,0.718,619,medium,high,0.005479452054794521
mule_cust_000350,21,27759.22,True,0.606,584,medium,high,0.0027397260273972603
mule_cust_000351,24,34755.71,True,0.68,466,medium,high,0.0136986301369863
mule_cust_000352,24,23915.82,True,0.803,423,low,critical,0.019178082191780823
mule_cust_000353,20,17082.19,True,0.762,566,low,critical,0.00821917808219178
mule_cust_000354,28,20297.91,True,0.735,472,low,high,0.0821917808219178
mule_cust_000355,22,19533.13,True,0.634,448,low,high,0.005479452054794521
mule_cust_000356,29,28392.05,True,0.69,407,medium,high,0.038356164383561646
mule_cust_000357,30,28017.55,True,0.635,402,low,high,0.010958904109589041
mule_cust_000358,21,16046.78,True,0.665,434,low,high,0.1232876712328767
mule_cust_000359,28,24304.11,True,0.625,435,low,high,0.019178082191780823
mule_cust_000360,33,27699.2,True,0.81,505,low,critical,0.0273972602739726
mule_cust_000361,19,24007.42,True,0.678,539,low,critical,0.057534246575342465
mule_cust_000362,34,24497.73,True,0.641,514,low,high,0.010958904109589041
mule_cust_000363,20,34849.67,True,0.647,520,low,critical,0.057534246575342465
mule_cust_000364,27,16858.58,True,0.691,431,medium,high,0.00821917808219178
mule_cust_000365,20,31521.35,True,0.797,541,medium,critical,0.0027397260273972603
mule_cust_000366,20,19547.15,True,0.669,401,low,high,0.0136986301369863
mule_cust_000367,32,26076.04,True,0.803,550,low,high,0.1232876712328767
mule_cust_000368,32,32466.73,True,0.813,542,medium,high,0.0027397260273972603
mule_cust_000369,35,32028.5,True,0.695,441,medium,high,0.00821917808219178
mule_cust_000370,25,27559.0,True,0.762,605,low,high,0.0027397260273972603
mule_cust_000371,29,30800.61,True,0.772,548,low,high,0.010958904109589041
mule_cust_000372,18,18075.82,True,0.801,609,medium,high,0.0027397260273972603
mule_cust_000373,26,31449.61,True,0.806,563,medium,high,0.1232876712328767
mule_cust_000374,26,17783.96,True,0.827,579,medium,critical,0.0821917808219178
mule_cust_000375,25,22973.26,True,0.849,535,low,high,0.0027397260273972603
mule_cust_000376,24,25122.15,True,0.603,411,low,high,0.00821917808219178
mule_cust_000377,33,23649.96,True,0.77,545,low,high,0.0273972602739726
mule_cust_000378,22,32028.97,True,0.845,529,low,high,0.0027397260273972603
mule_cust_000379,27,18040.5,True,0.748,409,medium,high,0.0027397260273972603
mule_cust_000380,21,24692.03,True,0.645,606,medium,critical,0.00821917808219178
mule_cust_000381,34,19783.6,True,0.893,589,low,high,0.00821917808219178
mule_cust_000382,22,18555.33,True,0.847,403,medium,high,0.00821917808219178
mule_cust_000383,35,31279.41,True,0.635,451,low,high,0.0027397260273972603
mule_cust_000384,27,31960.32,True,0.786,590,medium,critical,0.00821917808219178
mule_cust_000385,24,18892.45,True,0.757,413,low,high,0.0136986301369863
mule_cust_000386,20,22741.58,True,0.686,461,low,critical,0.010958904109589041
mule_cust_000387,24,15383.85,True,0.643,457,medium,high,0.1232876712328767
mule_cust_000388,21,27378.96,True,0.899,636,medium,high,0.010958904109589041
mule_cust_000389,33,31030.74,True,0.833,626,low,critical,0.019178082191780823
mule_cust_000390,22,27921.8,True,0.75,516,low,high,0.0273972602739726
mule_cust_000391,24,18000.97,True,0.809,631,medium,high,0.0027397260273972603
mule_cust_000392,29,27281.63,True,0.799,441,low,critical,0.038356164383561646
mule_cust_000393,31,34106.69,True,0.628,528,low,critical,0.019178082191780823
mule_cust_000394,29,16528.34,True,0.697,587,medium,high,0.0821917808219178
mule_cust_000395,29,31502.64,True,0.714,613,low,high,0.0027397260273972603
mule_cust_000396,26,27278.67,True,0.76,610,low,high,0.00821917808219178
mule_cust_000397,19,34765.51,True,0.709,599,low,high,0.2465753424657534
mule_cust_000398,19,29326.47,True,0.834,551,low,high,0.019178082191780823
mule_cust_000399,18,25171.59,True,0.744,627,low,high,0.0273972602739726
mule_cust_000400,23,30493.07,True,0.88,634,low,high,0.0136986301369863
mule_cust_000401,23,25992.32,True,0.622,537,low,critical,0.005479452054794521
mule_cust_000402,18,16643.43,True,0.893,503,low,critical,0.2465753424657534
mule_cust_000403,26,22638.79,True,0.636,525,low,high,0.00821917808219178
mule_cust_000404,22,16385.09,True,0.736,513,low,critical,0.1232876712328767
mule_cust_000405,22,17504.67,True,0.737,412,low,high,0.010958904109589041
mule_cust_000406,26,29961.46,True,0.689,410,medium,critical,0.0273972602739726
mule_cust_000407,18,17216.16,True,0.704,631,low,high,0.019178082191780823
mule_cust_000408,24,23788.1,True,0.711,557,medium,high,0.0136986301369863
mule_cust_000409,31,28519.65,True,0.835,548,low,high,0.0136986301369863
mule_cust_000410,22,31318.94,True,0.755,632,medium,critical,0.1232876712328767
mule_cust_000411,25,27721.42,True,0.844,445,medium,high,0.0821917808219178
mule_cust_000412,28,30528.95,True,0.851,485,low,high,0.0027397260273972603
mule_cust_000413,28,20386.63,True,0.734,401,medium,high,0.010958904109589041
mule_cust_000414,20,29519.6,True,0.847,642,low,critical,0.005479452054794521
mule_cust_000415,20,21847.67,True,0.716,496,medium,high,0.005479452054794521
mule_cust_000416,25,20950.97,True,0.621,438,medium,high,0.00821917808219178
mule_cust_000417,25,32542.77,True,0.794,585,low,high,0.0136986301369863
mule_cust_000418,18,19933.58,True,0.65,503,medium,critical,0.1232876712328767
mule_cust_000419,21,32596.33,True,0.793,548,low,high,0.0273972602739726
mule_cust_000420,28,27319.71,True,0.819,412,low,high,0.010958904109589041
mule_cust_000421,25,25483.18,True,0.622,411,medium,critical,0.00821917808219178
mule_cust_000422,28,19049.61,True,0.893,474,low,critical,0.00821917808219178
mule_cust_000423,28,31839.41,True,0.808,585,low,high,0.038356164383561646
mule_cust_000424,23,23972.21,True,0.648,626,medium,critical,0.010958904109589041
mule_cust_000425,20,28260.84,True,0.707,601,low,high,0.057534246575342465
mule_cust_000426,26,22109.86,True,0.706,518,low,critical,0.0136986301369863
mule_cust_000427,30,25202.19,True,0.678,585,low,critical,0.0136986301369863
mule_cust_000428,25,26213.2,True,0.882,481,medium,high,0.019178082191780823
mule_cust_000429,26,15458.66,True,0.637,610,medium,high,0.010958904109589041
mule_cust_000430,19,21684.77,True,0.654,558,medium,critical,0.00821917808219178
mule_cust_000431,29,25405.93,True,0.755,512,low,high,0.00821917808219178
mule_cust_000432,24,16772.01,True,0.606,446,low,high,0.005479452054794521
mule_cust_000433,35,33662.27,True,0.64,403,low,high,0.057534246575342465
mule_cust_000434,24,18565.05,True,0.707,523,medium,high,0.00821917808219178
mule_cust_000435,23,26437.45,True,0.835,460,low,high,0.0027397260273972603
mule_cust_000436,33,18305.88,True,0.751,517,low,critical,0.0273972602739726
mule_cust_000437,22,25361.58,True,0.873,569,medium,high,0.010958904109589041
mule_cust_000438,30,19510.83,True,0.68,611,low,high,0.0273972602739726
mule_cust_000439,29,24163.74,True,0.807,403,low,high,0.0027397260273972603
mule_cust_000440,18,33078.27,True,0.858,499,medium,critical,0.019178082191780823
mule_cust_000441,28,18178.16,True,0.896,430,low,high,0.1232876712328767
mule_cust_000442,31,24441.21,True,0.715,505,low,high,0.0027397260273972603
mule_cust_000443,22,20234.11,True,0.849,519,medium,high,0.038356164383561646
mule_cust_000444,33,22424.14,True,0.866,469,medium,high,0.0027397260273972603
mule_cust_000445,19,24751.42,True,0.718,649,low,high,0.1232876712328767
mule_cust_000446,25,21918.41,True,0.61,469,medium,high,0.0027397260273972603
mule_cust_000447,31,15436.47,True,0.723,542,medium,high,0.010958904109589041
mule_cust_000448,30,22868.96,True,0.779,541,medium,critical,0.057534246575342465
mule_cust_000449,28,34625.94,True,0.754,617,medium,high,0.010958904109589041
mule_cust_000450,21,21765.26,True,0.673,539,medium,high,0.038356164383561646
mule_cust_000451,23,17281.92,True,0.787,633,low,high,0.0273972602739726
mule_cust_000452,19,28675.08,True,0.611,460,medium,high,0.010958904109589041
mule_cust_000453,30,29456.29,True,0.704,416,medium,high,0.00821917808219178
mule_cust_000454,26,19522.94,True,0.761,404,low,critical,0.010958904109589041
mule_cust_000455,32,31999.51,True,0.632,511,low,high,0.010958904109589041
mule_cust_000456,24,29985.67,True,0.637,437,medium,high,0.0027397260273972603
mule_cust_000457,29,24184.8,True,0.651,591,medium,high,0.0821917808219178
mule_cust_000458,22,32442.71,True,0.751,515,medium,high,0.0027397260273972603
mule_cust_000459,25,19097.63,True,0.796,491,medium,critical,0.1232876712328767
mule_cust_000460,21,33932.76,True,0.678,512,medium,high,0.019178082191780823
mule_cust_000461,18,16304.09,True,0.714,496,medium,high,0.0273972602739726
mule_cust_000462,23,30966.88,True,0.842,522,low,high,0.00821917808219178
mule_cust_000463,23,30512.24,True,0.64,473,low,critical,0.00821917808219178
mule_cust_000464,19,22133.42,True,0.741,471,low,critical,0.005479452054794521
mule_cust_000465,29,22919.41,True,0.818,441,low,critical,0.00821917808219178
mule_cust_000466,24,26156.4,True,0.844,508,medium,high,0.0027397260273972603
mule_cust_000467,31,20538.09,True,0.659,528,low,critical,0.0027397260273972603
mule_cust_000468,18,22273.86,True,0.616,500,medium,critical,0.0821917808219178
mule_cust_000469,24,27305.96,True,0.747,411,medium,high,0.0136986301369863
mule_cust_000470,28,21393.34,True,0.78,644,low,critical,0.0821917808219178
mule_cust_000471,27,27693.43,True,0.707,622,medium,high,0.0136986301369863
mule_cust_000472,27,17596.53,True,0.89,595,low,high,0.005479452054794521
mule_cust_000473,27,32805.16,True,0.637,588,medium,high,0.1232876712328767
mule_cust_000474,22,20929.8,True,0.818,459,low,critical,0.0027397260273972603
mule_cust_000475,22,24423.36,True,0.636,612,low,critical,0.0273972602739726
mule_cust_000476,21,31385.1,True,0.833,639,low,critical,0.038356164383561646
mule_cust_000477,27,31519.56,True,0.824,579,low,high,0.005479452054794521
mule_cust_000478,31,29793.43,True,0.846,422,medium,high,0.0273972602739726
mule_cust_000479,26,22047.5,True,0.775,414,low,critical,0.038356164383561646
mule_cust_000480,21,15622.31,True,0.659,626,low,critical,0.0027397260273972603
mule_cust_000481,27,16392.82,True,0.716,523,medium,high,0.005479452054794521
mule_cust_000482,35,16453.42,True,0.619,585,low,high,0.0273972602739726
mule_cust_000483,25,21106.21,True,0.854,516,low,high,0.019178082191780823
mule_cust_000484,23,30184.97,True,0.635,536,low,critical,0.005479452054794521
mule_cust_000485,29,28299.7,True,0.7,618,medium,high,0.010958904109589041
mule_cust_000486,25,17219.79,True,0.686,499,low,high,0.0027397260273972603
mule_cust_000487,23,17576.97,True,0.764,483,medium,high,0.010958904109589041
mule_cust_000488,18,23428.88,True,0.808,549,medium,high,0.0027397260273972603
mule_cust_000489,30,20844.36,True,0.658,600,medium,critical,0.00821917808219178
mule_cust_000490,29,34635.97,True,0.712,523,low,high,0.005479452054794521
mule_cust_000491,29,20630.42,True,0.661,565,low,critical,0.0273972602739726
mule_cust_000492,20,16366.82,True,0.762,560,low,high,0.010958904109589041
mule_cust_000493,24,21025.31,True,0.729,586,low,high,0.00821917808219178
mule_cust_000494,28,26976.17,True,0.685,401,medium,high,0.005479452054794521
mule_cust_000495,27,26864.43,True,0.654,582,low,critical,0.1643835616438356
mule_cust_000496,25,31763.04,True,0.618,410,low,high,0.005479452054794521
mule_cust_000497,35,32113.92,True,0.799,419,low,high,0.010958904109589041
mule_cust_000498,21,24767.49,True,0.693,536,low,critical,0.0273972602739726
mule_cust_000499,27,31585.74,True,0.827,444,low,critical,0.057534246575342465
mule_cust_000500,27,16644.14,True,0.767,414,low,critical,0.057534246575342465
mule_cust_000501,26,32850.47,True,0.815,450,medium,high,0.1643835616438356
mule_cust_000502,24,30776.05,True,0.867,491,medium,high,0.005479452054794521
mule_cust_000503,19,22690.23,True,0.607,593,medium,high,0.0273972602739726
mule_cust_000504,22,24457.94,True,0.868,565,low,critical,0.0027397260273972603
mule_cust_000505,19,20087.83,True,0.879,617,low,high,0.0136986301369863
mule_cust_000506,31,19777.13,True,0.776,508,low,high,0.0136986301369863
mule_cust_000507,24,18921.95,True,0.89,455,low,high,0.00821917808219178
mule_cust_000508,26,25740.15,True,0.883,535,low,critical,0.00821917808219178
mule_cust_000509,18,17160.52,True,0.865,576,medium,high,0.0027397260273972603
mule_cust_000510,21,22935.94,True,0.627,487,low,high,0.0027397260273972603
mule_cust_000511,19,27341.33,True,0.701,566,low,high,0.0027397260273972603
mule_cust_000512,25,15593.36,True,0.753,538,low,high,0.038356164383561646
mule_cust_000513,20,20494.63,True,0.717,475,low,high,0.1232876712328767
mule_cust_000514,30,28418.86,True,0.697,560,medium,high,0.005479452054794521
mule_cust_000515,29,34101.21,True,0.614,490,low,critical,0.005479452054794521
mule_cust_000516,18,29351.44,True,0.722,483,low,critical,0.0273972602739726
mule_cust_000517,27,17289.75,True,0.806,481,low,high,0.038356164383561646
mule_cust_000518,19,26926.43,True,0.676,475,medium,high,0.010958904109589041
mule_cust_000519,19,22095.43,True,0.86,504,medium,critical,0.0027397260273972603
mule_cust_000520,26,32760.78,True,0.604,450,low,high,0.010958904109589041
mule_cust_000521,31,27251.47,True,0.691,554,medium,critical,0.005479452054794521
mule_cust_000522,28,25599.83,True,0.875,401,medium,critical,0.00821917808219178
mule_cust_000523,18,23440.69,True,0.814,444,low,high,0.0273972602739726
mule_cust_000524,23,33202.69,True,0.766,552,low,critical,0.0027397260273972603
mule_cust_000525,28,28045.83,True,0.85,545,medium,critical,0.010958904109589041
mule_cust_000526,23,16552.29,True,0.764,429,medium,high,0.019178082191780823
mule_cust_000527,24,30967.61,True,0.873,478,medium,critical,0.0273972602739726
mule_cust_000528,28,16977.47,True,0.716,456,low,critical,0.0027397260273972603
mule_cust_000529,18,22859.48,True,0.899,555,low,high,0.019178082191780823
mule_cust_000530,24,17851.88,True,0.628,547,low,critical,0.005479452054794521
mule_cust_000531,22,25344.79,True,0.629,638,low,high,0.057534246575342465
mule_cust_000532,19,23192.58,True,0.62,468,medium,high,0.019178082191780823
mule_cust_000533,25,31834.47,True,0.8,430,low,high,0.00821917808219178
mule_cust_000534,27,17811.06,True,0.673,586,low,high,0.0027397260273972603
mule_cust_000535,25,17715.78,True,0.615,506,low,high,0.038356164383561646
mule_cust_000536,23,18200.5,True,0.655,542,medium,high,0.010958904109589041
mule_cust_000537,24,17600.96,True,0.898,523,low,critical,0.019178082191780823
mule_cust_000538,22,32768.07,True,0.808,512,medium,high,0.010958904109589041
mule_cust_000539,19,27137.55,True,0.798,623,low,high,0.0273972602739726
mule_cust_000540,23,25828.15,True,0.663,561,low,high,0.019178082191780823
mule_cust_000541,20,19938.15,True,0.874,497,low,critical,0.0273972602739726
mule_cust_000542,21,18892.48,True,0.65,635,low,high,0.019178082191780823
mule_cust_000543,21,31613.77,True,0.797,590,low,high,0.1643835616438356
mule_cust_000544,20,23880.87,True,0.628,578,low,high,0.005479452054794521
mule_cust_000545,29,29691.56,True,0.877,551,low,high,0.0027397260273972603
mule_cust_000546,26,19026.24,True,0.737,544,low,high,0.00821917808219178
mule_cust_000547,27,33138.86,True,0.806,497,low,high,0.0136986301369863
mule_cust_000548,28,25667.73,True,0.693,538,low,critical,0.038356164383561646
mule_cust_000549,25,16154.82,True,0.649,649,low,high,0.0821917808219178
mule_cust_000550,32,17975.92,True,0.894,635,medium,high,0.00821917808219178
mule_cust_000551,28,24838.62,True,0.671,474,low,high,0.005479452054794521
mule_cust_000552,21,30235.96,True,0.845,648,low,high,0.0273972602739726
mule_cust_000553,23,29514.33,True,0.606,491,low,critical,0.0027397260273972603
mule_cust_000554,29,30290.56,True,0.895,447,medium,high,0.019178082191780823
mule_cust_000555,35,16189.43,True,0.717,624,medium,high,0.0273972602739726
mule_cust_000556,31,16249.15,True,0.683,412,low,critical,0.038356164383561646
mule_cust_000557,33,19414.91,True,0.606,421,medium,critical,0.00821917808219178
mule_cust_000558,27,29454.14,True,0.681,525,low,high,0.1232876712328767
mule_cust_000559,26,31395.96,True,0.762,429,medium,high,0.00821917808219178
mule_cust_000560,32,15177.27,True,0.861,512,medium,critical,0.0273972602739726
mule_cust_000561,19,15046.35,True,0.739,436,low,high,0.0027397260273972603
mule_cust_000562,28,17857.01,True,0.666,527,medium,critical,0.0821917808219178
mule_cust_000563,29,32688.49,True,0.686,422,low,critical,0.010958904109589041
mule_cust_000564,24,16552.99,True,0.784,501,low,high,0.0027397260273972603
mule_cust_000565,22,25982.61,True,0.791,623,low,high,0.0027397260273972603
mule_cust_000566,19,34102.3,True,0.894,567,low,high,0.005479452054794521
mule_cust_000567,20,31841.49,True,0.884,465,low,high,0.0273972602739726
mule_cust_000568,19,23057.47,True,0.855,438,low,high,0.0273972602739726
mule_cust_000569,23,20850.3,True,0.613,517,low,high,0.1232876712328767
mule_cust_000570,22,24528.74,True,0.75,580,medium,high,0.0027397260273972603
mule_cust_000571,18,19292.56,True,0.784,430,medium,high,0.019178082191780823
mule_cust_000572,30,25061.68,True,0.751,599,low,high,0.1232876712328767
mule_cust_000573,25,27741.82,True,0.829,509,low,high,0.0273972602739726
mule_cust_000574,29,31079.17,True,0.814,604,low,high,0.010958904109589041
mule_cust_000575,31,29413.1,True,0.752,433,low,high,0.0027397260273972603
mule_cust_000576,20,27591.15,True,0.747,478,medium,high,0.0821917808219178
mule_cust_000577,19,18780.79,True,0.632,613,medium,critical,0.038356164383561646
mule_cust_000578,27,16253.79,True,0.69,468,low,critical,0.1232876712328767
mule_cust_000579,32,16654.31,True,0.671,506,medium,critical,0.00821917808219178
mule_cust_000580,22,31854.24,True,0.846,542,medium,high,0.005479452054794521
mule_cust_000581,32,23447.69,True,0.82,578,medium,high,0.005479452054794521
mule_cust_000582,19,28740.39,True,0.634,618,low,high,0.0027397260273972603
mule_cust_000583,30,28516.95,True,0.827,634,low,high,0.2465753424657534
mule_cust_000584,27,34320.95,True,0.708,574,medium,critical,0.0027397260273972603
mule_cust_000585,32,20379.36,True,0.615,436,medium,high,0.057534246575342465
mule_cust_000586,18,22201.01,True,0.819,440,low,critical,0.005479452054794521
mule_cust_000587,24,17219.55,True,0.711,504,medium,high,0.0027397260273972603
mule_cust_000588,19,30351.35,True,0.633,430,medium,high,0.057534246575342465
mule_cust_000589,27,22423.23,True,0.9,613,medium,critical,0.005479452054794521
mule_cust_000590,21,28556.26,True,0.795,615,low,high,0.019178082191780823
mule_cust_000591,32,17514.49,True,0.705,571,medium,critical,0.1232876712328767
mule_cust_000592,23,29264.14,True,0.632,634,medium,high,0.038356164383561646
mule_cust_000593,23,16161.84,True,0.892,443,low,high,0.0027397260273972603
mule_cust_000594,19,28760.89,True,0.782,401,medium,high,0.00821917808219178
mule_cust_000595,18,17487.37,True,0.765,510,low,high,0.038356164383561646
mule_cust_000596,22,33121.32,True,0.75,552,medium,high,0.019178082191780823
mule_cust_000597,33,25380.65,True,0.796,555,low,high,0.0027397260273972603
mule_cust_000598,22,19396.11,True,0.771,645,medium,high,0.00821917808219178
mule_cust_000599,18,30403.16,True,0.688,533,low,critical,0.010958904109589041
mule_cust_000600,24,21641.99,True,0.713,406,medium,high,0.0273972602739726
mule_cust_000601,23,22434.79,True,0.794,627,low,high,0.0136986301369863
mule_cust_000602,25,32585.1,True,0.671,407,low,high,0.019178082191780823
mule_cust_000603,29,30607.52,True,0.799,531,low,high,0.00821917808219178
mule_cust_000604,31,29202.71,True,0.602,604,medium,critical,0.019178082191780823
mule_cust_000605,28,24476.2,True,0.855,536,medium,high,0.0027397260273972603
mule_cust_000606,21,25614.75,True,0.702,431,medium,high,0.0136986301369863
mule_cust_000607,19,22313.61,True,0.759,505,low,high,0.0821917808219178
mule_cust_000608,31,31943.89,True,0.818,604,low,high,0.005479452054794521
mule_cust_000609,29,27719.09,True,0.661,634,medium,high,0.0027397260273972603
mule_cust_000610,29,33947.9,True,0.857,456,medium,high,0.0027397260273972603
mule_cust_000611,31,29154.43,True,0.617,404,low,high,0.005479452054794521
mule_cust_000612,24,19605.02,True,0.864,565,low,high,0.010958904109589041
mule_cust_000613,25,19837.87,True,0.61,596,medium,high,0.0273972602739726
mule_cust_000614,26,33573.21,True,0.872,445,low,critical,0.0136986301369863
mule_cust_000615,24,15878.0,True,0.811,571,low,high,0.019178082191780823
mule_cust_000616,31,28486.98,True,0.877,449,medium,high,0.00821917808219178
mule_cust_000617,30,19839.54,True,0.747,498,low,critical,0.0027397260273972603
mule_cust_000618,24,23133.48,True,0.639,475,low,critical,0.00821917808219178
mule_cust_000619,21,23739.92,True,0.842,517,low,high,0.0027397260273972603
mule_cust_000620,18,15283.8,True,0.67,524,medium,critical,0.0821917808219178
mule_cust_000621,32,34202.71,True,0.9,646,medium,high,0.0273972602739726
mule_cust_000622,23,32084.44,True,0.675,493,low,critical,0.038356164383561646
mule_cust_000623,26,28332.01,True,0.802,485,low,high,0.057534246575342465
mule_cust_000624,30,27061.29,True,0.766,619,medium,critical,0.0273972602739726
mule_cust_000625,31,19573.54,True,0.768,503,low,high,0.005479452054794521
mule_cust_000626,30,29577.23,True,0.713,520,low,high,0.010958904109589041
mule_cust_000627,23,32892.86,True,0.657,581,medium,high,0.0136986301369863
mule_cust_000628,23,33390.62,True,0.774,492,low,critical,0.010958904109589041
mule_cust_000629,24,27708.87,True,0.659,498,low,high,0.019178082191780823
mule_cust_000630,32,26542.45,True,0.634,515,medium,high,0.019178082191780823
mule_cust_000631,23,26476.83,True,0.845,400,medium,high,0.010958904109589041
mule_cust_000632,21,33364.78,True,0.838,602,low,high,0.0821917808219178
mule_cust_000633,28,19573.89,True,0.731,647,low,critical,0.057534246575342465
mule_cust_000634,22,34009.18,True,0.843,578,low,high,0.010958904109589041
mule_cust_000635,24,21526.77,True,0.862,598,low,critical,0.038356164383561646
mule_cust_000636,31,33929.13,True,0.826,531,low,critical,0.038356164383561646
mule_cust_000637,29,32777.75,True,0.803,535,low,high,0.0136986301369863
mule_cust_000638,21,21631.29,True,0.738,648,low,critical,0.0136986301369863
mule_cust_000639,23,20904.84,True,0.857,510,low,critical,0.0821917808219178
mule_cust_000640,29,31716.52,True,0.779,423,medium,high,0.0027397260273972603
mule_cust_000641,23,31495.76,True,0.799,580,low,high,0.00821917808219178
mule_cust_000642,22,23504.56,True,0.865,461,low,high,0.005479452054794521
mule_cust_000643,25,26808.62,True,0.653,456,low,high,0.0273972602739726
mule_cust_000644,33,19522.51,True,0.67,402,low,high,0.010958904109589041
mule_cust_000645,30,16038.02,True,0.694,642,low,high,0.00821917808219178
mule_cust_000646,27,29837.93,True,0.859,449,low,critical,0.0027397260273972603
mule_cust_000647,31,31360.53,True,0.656,584,low,high,0.010958904109589041
mule_cust_000648,23,33038.8,True,0.847,647,medium,critical,0.0027397260273972603
mule_cust_000649,28,25849.42,True,0.881,646,low,high,0.005479452054794521
mule_cust_000650,25,29186.42,True,0.637,408,medium,high,0.038356164383561646
mule_cust_000651,22,27568.68,True,0.648,447,low,high,0.005479452054794521
mule_cust_000652,22,29288.48,True,0.78,464,low,critical,0.0821917808219178
mule_cust_000653,27,18441.78,True,0.622,593,low,critical,0.005479452054794521
mule_cust_000654,27,29286.53,True,0.728,550,medium,high,0.1232876712328767
mule_cust_000655,20,32009.43,True,0.662,568,low,high,0.00821917808219178
mule_cust_000656,21,21906.84,True,0.87,402,medium,high,0.010958904109589041
mule_cust_000657,20,30294.38,True,0.858,591,low,high,0.00821917808219178
mule_cust_000658,24,22610.35,True,0.617,527,medium,high,0.0273972602739726
mule_cust_000659,31,15321.24,True,0.652,477,low,critical,0.019178082191780823
mule_cust_000660,27,34405.14,True,0.753,458,low,high,0.057534246575342465
mule_cust_000661,25,29123.86,True,0.802,644,low,high,0.0027397260273972603
mule_cust_000662,25,29369.08,True,0.846,463,low,critical,0.0136986301369863
mule_cust_000663,27,34049.34,True,0.853,488,medium,high,0.0136986301369863
mule_cust_000664,20,21195.76,True,0.612,514,medium,high,0.019178082191780823
mule_cust_000665,25,16417.83,True,0.856,513,medium,high,0.0136986301369863
mule_cust_000666,29,33121.74,True,0.671,523,medium,high,0.00821917808219178
mule_cust_000667,21,15395.91,True,0.675,539,low,high,0.00821917808219178
mule_cust_000668,26,21681.0,True,0.765,517,low,critical,0.005479452054794521
mule_cust_000669,21,22117.1,True,0.843,613,low,high,0.1232876712328767
mule_cust_000670,22,16131.71,True,0.718,540,medium,high,0.019178082191780823
mule_cust_000671,29,29669.73,True,0.879,527,medium,high,0.0027397260273972603
mule_cust_000672,28,17027.46,True,0.731,601,low,high,0.0136986301369863
mule_cust_000673,31,15229.61,True,0.892,465,medium,high,0.010958904109589041
mule_cust_000674,33,17266.07,True,0.745,617,medium,high,0.038356164383561646
mule_cust_000675,26,19088.81,True,0.638,530,low,high,0.0027397260273972603
mule_cust_000676,21,24660.79,True,0.784,473,low,high,0.019178082191780823
mule_cust_000677,27,17878.84,True,0.755,638,low,high,0.0027397260273972603
mule_cust_000678,32,20945.82,True,0.723,483,low,high,0.038356164383561646
mule_cust_000679,19,26067.58,True,0.602,533,medium,high,0.0027397260273972603
mule_cust_000680,21,28520.53,True,0.816,632,medium,critical,0.005479452054794521
mule_cust_000681,25,19990.49,True,0.753,482,low,high,0.005479452054794521
mule_cust_000682,19,18096.57,True,0.787,447,medium,critical,0.0273972602739726
mule_cust_000683,18,30446.02,True,0.796,636,low,high,0.0273972602739726
mule_cust_000684,23,15307.9,True,0.751,563,low,high,0.00821917808219178
mule_cust_000685,32,19409.67,True,0.884,559,medium,critical,0.0136986301369863
mule_cust_000686,27,34540.14,True,0.883,453,low,high,0.0027397260273972603
mule_cust_000687,22,32801.14,True,0.884,510,medium,high,0.057534246575342465
mule_cust_000688,21,23688.07,True,0.603,647,low,critical,0.0027397260273972603
mule_cust_000689,21,25937.52,True,0.636,636,medium,high,0.0027397260273972603
mule_cust_000690,19,18985.41,True,0.879,446,medium,critical,0.005479452054794521
mule_cust_000691,18,22119.42,True,0.6,433,low,high,0.00821917808219178
mule_cust_000692,19,24178.81,True,0.622,474,medium,critical,0.0027397260273972603
mule_cust_000693,26,22444.01,True,0.847,526,medium,high,0.010958904109589041
mule_cust_000694,29,33654.21,True,0.776,601,low,high,0.0821917808219178
mule_cust_000695,25,20067.14,True,0.874,637,low,critical,0.019178082191780823
mule_cust_000696,23,33415.33,True,0.612,512,low,high,0.00821917808219178
mule_cust_000697,30,33305.14,True,0.798,586,low,critical,0.010958904109589041
mule_cust_000698,24,27604.94,True,0.76,649,medium,high,0.0027397260273972603
mule_cust_000699,24,25700.51,True,0.767,417,medium,high,0.00821917808219178
mule_cust_000700,29,20847.66,True,0.811,403,low,high,0.0027397260273972603
mule_cust_000701,26,23152.66,True,0.802,619,low,high,0.0136986301369863
mule_cust_000702,19,30288.81,True,0.729,528,medium,high,0.0027397260273972603
mule_cust_000703,31,17237.61,True,0.795,491,medium,high,0.1643835616438356
mule_cust_000704,27,32633.81,True,0.788,434,medium,critical,0.038356164383561646
mule_cust_000705,29,15159.29,True,0.734,633,low,critical,0.010958904109589041
mule_cust_000706,25,22137.72,True,0.796,552,medium,high,0.038356164383561646
mule_cust_000707,29,19321.2,True,0.663,509,medium,critical,0.0136986301369863
mule_cust_000708,23,25112.68,True,0.793,612,medium,critical,0.057534246575342465
mule_cust_000709,31,16552.82,True,0.781,568,low,critical,0.0273972602739726
mule_cust_000710,30,28538.82,True,0.715,594,medium,critical,0.2465753424657534
mule_cust_000711,23,15265.02,True,0.749,486,low,high,0.019178082191780823
mule_cust_000712,20,28878.99,True,0.844,544,low,high,0.0027397260273972603
mule_cust_000713,28,32259.45,True,0.86,493,medium,high,0.057534246575342465
mule_cust_000714,20,16671.09,True,0.782,569,low,high,0.010958904109589041
mule_cust_000715,30,17429.91,True,0.835,561,low,high,0.038356164383561646
mule_cust_000716,25,27155.05,True,0.682,645,low,high,0.0273972602739726
mule_cust_000717,22,21713.48,True,0.862,506,low,critical,0.038356164383561646
mule_cust_000718,25,23315.5,True,0.723,473,low,high,0.010958904109589041
mule_cust_000719,23,30071.89,True,0.799,540,low,high,0.010958904109589041
mule_cust_000720,30,27628.38,True,0.763,576,low,high,0.0273972602739726
mule_cust_000721,24,33662.54,True,0.718,416,medium,high,0.0273972602739726
mule_cust_000722,21,22837.19,True,0.852,448,low,critical,0.0027397260273972603
mule_cust_000723,32,30529.79,True,0.836,530,medium,high,0.057534246575342465
mule_cust_000724,25,27568.53,True,0.852,424,low,high,0.0821917808219178
mule_cust_000725,28,28945.51,True,0.807,485,low,critical,0.0027397260273972603
mule_cust_000726,30,24701.89,True,0.851,605,medium,high,0.019178082191780823
mule_cust_000727,25,31411.98,True,0.649,538,low,high,0.0821917808219178
mule_cust_000728,19,22756.52,True,0.826,447,medium,critical,0.0136986301369863
mule_cust_000729,21,15839.71,True,0.683,503,low,high,0.0273972602739726
mule_cust_000730,33,16331.29,True,0.773,465,low,high,0.0273972602739726
mule_cust_000731,25,34784.36,True,0.83,633,medium,high,0.1232876712328767
mule_cust_000732,22,19402.23,True,0.803,458,low,high,0.00821917808219178
mule_cust_000733,27,22489.61,True,0.609,622,low,high,0.019178082191780823
mule_cust_000734,27,15167.27,True,0.643,448,medium,high,0.0273972602739726
mule_cust_000735,23,27639.77,True,0.629,447,low,high,0.0027397260273972603
mule_cust_000736,19,30330.3,True,0.874,572,medium,high,0.0821917808219178
mule_cust_000737,23,28549.47,True,0.614,610,low,critical,0.019178082191780823
mule_cust_000738,26,29845.06,True,0.888,619,low,high,0.0821917808219178
mule_cust_000739,23,18173.58,True,0.713,420,medium,high,0.0136986301369863
mule_cust_000740,27,32782.56,True,0.841,569,medium,high,0.0273972602739726
mule_cust_000741,22,23299.42,True,0.877,503,low,critical,0.0136986301369863
mule_cust_000742,22,19830.01,True,0.649,603,low,high,0.019178082191780823
mule_cust_000743,28,29915.07,True,0.853,577,low,high,0.005479452054794521
mule_cust_000744,23,31436.62,True,0.77,527,medium,high,0.010958904109589041
mule_cust_000745,25,25665.03,True,0.722,460,medium,high,0.00821917808219178
mule_cust_000746,22,20390.24,True,0.77,412,medium,high,0.038356164383561646
mule_cust_000747,27,31475.35,True,0.837,606,medium,high,0.0027397260273972603
mule_cust_000748,28,30217.03,True,0.603,500,low,high,0.0136986301369863
mule_cust_000749,28,18012.16,True,0.882,421,low,high,0.00821917808219178
mule_cust_000750,18,32583.72,True,0.754,519,low,high,0.0136986301369863
mule_cust_000751,30,30675.45,True,0.732,647,low,high,0.0136986301369863
mule_cust_000752,22,33019.22,True,0.841,401,medium,critical,0.038356164383561646
mule_cust_000753,28,31254.27,True,0.615,426,medium,critical,0.2465753424657534
mule_cust_000754,35,21532.78,True,0.882,601,medium,critical,0.005479452054794521
mule_cust_000755,18,24316.52,True,0.679,412,low,high,0.057534246575342465
mule_cust_000756,20,15448.52,True,0.714,602,medium,high,0.0136986301369863
mule_cust_000757,18,16604.44,True,0.868,558,low,high,0.019178082191780823
mule_cust_000758,28,27474.86,True,0.609,606,low,critical,0.019178082191780823
mule_cust_000759,25,15106.92,True,0.646,524,low,critical,0.0027397260273972603
mule_cust_000760,26,26619.01,True,0.697,570,medium,critical,0.0273972602739726
mule_cust_000761,27,17768.71,True,0.788,486,low,high,0.00821917808219178
mule_cust_000762,31,33582.79,True,0.619,458,low,high,0.00821917808219178
mule_cust_000763,24,23861.19,True,0.69,569,medium,high,0.0027397260273972603
mule_cust_000764,27,26863.16,True,0.664,545,low,high,0.005479452054794521
mule_cust_000765,23,32272.83,True,0.681,571,medium,high,0.0273972602739726
mule_cust_000766,25,28817.68,True,0.741,601,medium,high,0.0136986301369863
mule_cust_000767,25,29955.89,True,0.698,503,low,critical,0.010958904109589041
mule_cust_000768,27,24103.44,True,0.663,541,medium,high,0.0027397260273972603
mule_cust_000769,19,28707.91,True,0.746,606,low,high,0.0027397260273972603
mule_cust_000770,29,31056.22,True,0.865,583,low,critical,0.0027397260273972603
mule_cust_000771,32,32632.31,True,0.775,465,medium,high,0.010958904109589041
mule_cust_000772,31,26663.82,True,0.831,549,low,high,0.1643835616438356
mule_cust_000773,27,16330.55,True,0.759,483,medium,high,0.00821917808219178
mule_cust_000774,30,32658.3,True,0.756,444,low,high,0.019178082191780823
mule_cust_000775,33,28669.08,True,0.863,472,medium,high,0.0136986301369863
mule_cust_000776,35,15600.52,True,0.76,518,medium,critical,0.010958904109589041
mule_cust_000777,26,33815.47,True,0.744,523,low,critical,0.0027397260273972603
mule_cust_000778,19,34506.86,True,0.66,493,medium,critical,0.0273972602739726
mule_cust_000779,22,26037.54,True,0.621,457,low,critical,0.019178082191780823
mule_cust_000780,21,24382.14,True,0.713,451,low,high,0.005479452054794521
mule_cust_000781,24,25597.63,True,0.799,471,low,critical,0.019178082191780823
mule_cust_000782,24,20567.37,True,0.71,535,low,critical,0.0027397260273972603
mule_cust_000783,21,15410.42,True,0.893,563,low,critical,0.019178082191780823
mule_cust_000784,27,16251.3,True,0.631,622,medium,high,0.010958904109589041
mule_cust_000785,28,16529.6,True,0.612,421,low,critical,0.0027397260273972603
mule_cust_000786,24,21048.39,True,0.698,596,medium,high,0.038356164383561646
mule_cust_000787,24,30611.12,True,0.845,571,low,high,0.0136986301369863
mule_cust_000788,22,24756.69,True,0.783,622,low,high,0.038356164383561646
mule_cust_000789,23,29303.73,True,0.734,421,low,high,0.005479452054794521
mule_cust_000790,28,26485.75,True,0.744,542,medium,high,0.038356164383561646
mule_cust_000791,21,15899.23,True,0.896,431,low,high,0.005479452054794521
mule_cust_000792,30,22429.35,True,0.809,607,low,high,0.057534246575342465
mule_cust_000793,27,26191.58,True,0.786,648,medium,high,0.010958904109589041
mule_cust_000794,30,23136.1,True,0.766,488,low,high,0.010958904109589041
mule_cust_000795,25,33065.96,True,0.85,533,medium,critical,0.010958904109589041
mule_cust_000796,25,26586.29,True,0.603,531,medium,high,0.0273972602739726
mule_cust_000797,33,33646.46,True,0.782,590,low,critical,0.0273972602739726
mule_cust_000798,25,18705.41,True,0.62,636,low,high,0.010958904109589041
mule_cust_000799,23,33063.82,True,0.824,646,low,high,0.0136986301369863
mule_cust_000800,25,17860.02,True,0.854,530,medium,high,0.0027397260273972603
mule_cust_000801,31,21749.61,True,0.832,468,low,critical,0.038356164383561646
mule_cust_000802,20,28455.29,True,0.603,649,low,high,0.1232876712328767
mule_cust_000803,25,26778.66,True,0.859,569,medium,critical,0.00821917808219178
mule_cust_000804,29,27546.58,True,0.725,624,low,critical,0.005479452054794521
mule_cust_000805,25,18990.11,True,0.732,618,low,high,0.019178082191780823
mule_cust_000806,18,20829.22,True,0.841,586,low,high,0.0027397260273972603
mule_cust_000807,26,15128.7,True,0.872,518,medium,critical,0.005479452054794521
mule_cust_000808,24,23599.7,True,0.816,495,medium,high,0.019178082191780823
mule_cust_000809,23,29162.44,True,0.656,493,medium,high,0.0027397260273972603
mule_cust_000810,21,21808.23,True,0.807,600,medium,high,0.2465753424657534
mule_cust_000811,24,30471.05,True,0.645,557,medium,high,0.0027397260273972603
mule_cust_000812,25,23763.57,True,0.607,626,low,critical,0.010958904109589041
mule_cust_000813,28,19310.02,True,0.697,636,low,high,0.038356164383561646
mule_cust_000814,20,27166.39,True,0.754,464,low,high,0.057534246575342465
mule_cust_000815,26,18996.83,True,0.804,494,low,high,0.00821917808219178
mule_cust_000816,28,19738.67,True,0.661,550,low,high,0.019178082191780823
mule_cust_000817,31,22317.72,True,0.665,642,medium,high,0.010958904109589041
mule_cust_000818,25,30504.88,True,0.644,448,low,high,0.00821917808219178
mule_cust_000819,22,20875.52,True,0.749,416,medium,high,0.019178082191780823
mule_cust_000820,27,18846.2,True,0.699,436,medium,high,0.038356164383561646
mule_cust_000821,30,29781.34,True,0.853,457,low,high,0.0136986301369863
mule_cust_000822,24,28562.28,True,0.672,587,low,high,0.1643835616438356
mule_cust_000823,35,21237.59,True,0.728,427,low,high,0.0136986301369863
mule_cust_000824,22,21867.73,True,0.888,599,medium,critical,0.005479452054794521
mule_cust_000825,32,24056.27,True,0.87,510,low,high,0.0027397260273972603
mule_cust_000826,20,26904.26,True,0.764,424,medium,high,0.1232876712328767
mule_cust_000827,31,18787.87,True,0.865,472,low,high,0.005479452054794521
mule_cust_000828,28,30077.36,True,0.604,404,medium,high,0.019178082191780823
mule_cust_000829,20,33830.66,True,0.671,504,low,critical,0.019178082191780823
mule_cust_000830,27,23223.95,True,0.728,483,medium,high,0.0136986301369863
mule_cust_000831,28,20901.45,True,0.883,645,low,high,0.038356164383561646
mule_cust_000832,21,18692.65,True,0.685,576,low,high,0.019178082191780823
mule_cust_000833,29,18466.86,True,0.751,542,low,high,0.010958904109589041
mule_cust_000834,32,17741.79,True,0.856,615,medium,critical,0.0027397260273972603
mule_cust_000835,20,25933.91,True,0.621,446,low,critical,0.00821917808219178
mule_cust_000836,18,26628.34,True,0.702,503,medium,high,0.005479452054794521
mule_cust_000837,27,32967.73,True,0.635,640,low,high,0.005479452054794521
mule_cust_000838,19,20078.76,True,0.75,580,low,critical,0.0027397260273972603
mule_cust_000839,24,17374.18,True,0.666,472,low,critical,0.0027397260273972603
mule_cust_000840,31,30670.0,True,0.828,410,medium,high,0.0027397260273972603
mule_cust_000841,25,17065.3,True,0.699,590,low,high,0.010958904109589041
mule_cust_000842,25,19924.88,True,0.775,502,medium,high,0.005479452054794521
mule_cust_000843,33,23624.68,True,0.898,451,low,high,0.0027397260273972603
mule_cust_000844,18,25471.73,True,0.782,528,medium,high,0.0027397260273972603
mule_cust_000845,21,26552.64,True,0.791,608,medium,high,0.010958904109589041
mule_cust_000846,19,32917.68,True,0.882,416,low,critical,0.005479452054794521
mule_cust_000847,22,19181.19,True,0.652,477,low,high,0.0136986301369863
mule_cust_000848,31,26313.76,True,0.702,542,low,high,0.00821917808219178
mule_cust_000849,29,22692.22,True,0.608,562,low,high,0.00821917808219178
mule_cust_000850,18,28583.98,True,0.785,561,low,high,0.0027397260273972603
mule_cust_000851,18,24511.92,True,0.651,591,low,high,0.0027397260273972603
mule_cust_000852,26,21642.2,True,0.694,534,medium,critical,0.019178082191780823
mule_cust_000853,23,17327.17,True,0.829,635,medium,high,0.005479452054794521
mule_cust_000854,27,27964.72,True,0.798,521,medium,high,0.057534246575342465
mule_cust_000855,29,31293.42,True,0.808,506,low,high,0.0273972602739726
mule_cust_000856,33,23882.3,True,0.811,527,low,critical,0.019178082191780823
mule_cust_000857,27,16402.16,True,0.893,586,low,high,0.019178082191780823
mule_cust_000858,18,33144.98,True,0.636,495,low,high,0.0821917808219178
mule_cust_000859,30,26140.81,True,0.688,570,low,high,0.0821917808219178
mule_cust_000860,22,21261.0,True,0.638,507,low,critical,0.038356164383561646
mule_cust_000861,31,27708.29,True,0.664,601,low,high,0.005479452054794521
mule_cust_000862,22,15861.05,True,0.878,497,low,critical,0.00821917808219178
mule_cust_000863,29,17928.73,True,0.774,521,low,critical,0.0027397260273972603
mule_cust_000864,21,17152.28,True,0.857,505,low,critical,0.038356164383561646
mule_cust_000865,30,24680.41,True,0.812,611,low,high,0.0136986301369863
mule_cust_000866,21,32687.1,True,0.61,442,medium,high,0.038356164383561646
mule_cust_000867,33,34314.94,True,0.815,532,medium,high,0.019178082191780823
mule_cust_000868,30,31408.54,True,0.613,549,low,high,0.00821917808219178
mule_cust_000869,29,20318.57,True,0.816,459,low,critical,0.0136986301369863
mule_cust_000870,21,24193.02,True,0.839,472,low,high,0.019178082191780823
mule_cust_000871,21,27455.07,True,0.707,614,low,high,0.038356164383561646
mule_cust_000872,23,18204.51,True,0.663,424,low,high,0.010958904109589041
mule_cust_000873,29,29484.65,True,0.76,526,low,high,0.005479452054794521
mule_cust_000874,18,28234.37,True,0.777,498,low,high,0.0027397260273972603
mule_cust_000875,21,31603.02,True,0.693,608,low,critical,0.0027397260273972603
mule_cust_000876,21,32368.19,True,0.646,453,low,critical,0.038356164383561646
mule_cust_000877,21,23400.08,True,0.713,586,medium,high,0.010958904109589041
mule_cust_000878,26,15226.05,True,0.638,447,low,critical,0.0136986301369863
mule_cust_000879,27,22282.26,True,0.743,617,low,high,0.019178082191780823
mule_cust_000880,22,29188.78,True,0.604,510,medium,high,0.0821917808219178
mule_cust_000881,25,18888.95,True,0.675,442,low,high,0.0136986301369863
mule_cust_000882,29,19486.37,True,0.806,468,medium,high,0.0273972602739726
mule_cust_000883,19,18864.99,True,0.799,500,medium,high,0.038356164383561646
mule_cust_000884,19,19222.52,True,0.626,523,low,critical,0.0273972602739726
mule_cust_000885,28,29550.58,True,0.801,579,medium,high,0.0273972602739726
mule_cust_000886,20,26439.92,True,0.654,643,medium,critical,0.0027397260273972603
mule_cust_000887,25,29678.11,True,0.63,623,low,high,0.0136986301369863
mule_cust_000888,27,16133.61,True,0.883,614,low,high,0.00821917808219178
mule_cust_000889,29,19930.4,True,0.652,579,low,critical,0.005479452054794521
mule_cust_000890,31,20945.74,True,0.859,469,low,high,0.0273972602739726
mule_cust_000891,30,30810.41,True,0.856,449,low,high,0.057534246575342465
mule_cust_000892,23,18126.34,True,0.837,585,low,critical,0.0136986301369863
mule_cust_000893,18,34795.13,True,0.863,494,low,high,0.038356164383561646
mule_cust_000894,34,34545.6,True,0.739,584,medium,critical,0.0027397260273972603
mule_cust_000895,25,27758.04,True,0.758,586,medium,critical,0.1232876712328767
mule_cust_000896,23,23549.73,True,0.779,543,low,high,0.005479452054794521
mule_cust_000897,26,15470.65,True,0.85,538,low,high,0.0273972602739726
mule_cust_000898,25,30590.33,True,0.618,494,medium,high,0.005479452054794521
mule_cust_000899,24,24844.65,True,0.737,580,medium,high,0.0821917808219178
mule_cust_000900,28,20060.53,True,0.735,553,low,critical,0.0273972602739726
mule_cust_000901,22,16865.43,True,0.799,594,low,critical,0.0027397260273972603
mule_cust_000902,27,26884.84,True,0.807,459,medium,high,0.010958904109589041
mule_cust_000903,18,22562.02,True,0.687,409,low,high,0.005479452054794521
mule_cust_000904,27,19666.66,True,0.813,441,medium,high,0.038356164383561646
mule_cust_000905,21,28008.5,True,0.885,641,low,high,0.038356164383561646
mule_cust_000906,18,29683.03,True,0.623,465,low,high,0.0136986301369863
mule_cust_000907,23,17527.73,True,0.85,648,medium,high,0.019178082191780823
mule_cust_000908,21,15557.04,True,0.668,523,low,high,0.00821917808219178
mule_cust_000909,28,24851.98,True,0.836,593,medium,high,0.0027397260273972603
mule_cust_000910,19,32807.69,True,0.693,423,low,high,0.0027397260273972603
mule_cust_000911,23,25933.93,True,0.798,561,low,critical,0.005479452054794521
mule_cust_000912,31,23131.81,True,0.714,563,medium,high,0.0027397260273972603
mule_cust_000913,28,30695.39,True,0.841,495,medium,critical,0.0273972602739726
mule_cust_000914,27,28592.66,True,0.713,623,low,critical,0.010958904109589041
mule_cust_000915,28,16633.35,True,0.832,642,low,critical,0.00821917808219178
mule_cust_000916,26,15324.87,True,0.687,636,low,critical,0.0136986301369863
mule_cust_000917,29,17547.39,True,0.614,544,medium,high,0.0821917808219178
mule_cust_000918,29,33367.95,True,0.731,515,low,high,0.0027397260273972603
mule_cust_000919,26,20765.03,True,0.695,644,medium,high,0.010958904109589041
mule_cust_000920,27,22131.92,True,0.845,614,low,high,0.0136986301369863
mule_cust_000921,29,32888.09,True,0.773,428,medium,critical,0.005479452054794521
mule_cust_000922,19,25977.46,True,0.752,618,medium,high,0.019178082191780823
mule_cust_000923,21,16899.31,True,0.89,474,low,high,0.00821917808219178
mule_cust_000924,29,34535.89,True,0.66,415,low,high,0.00821917808219178
mule_cust_000925,35,26654.29,True,0.858,510,low,critical,0.019178082191780823
mule_cust_000926,22,24780.72,True,0.756,511,low,critical,0.005479452054794521
mule_cust_000927,20,27647.93,True,0.741,603,low,high,0.005479452054794521
mule_cust_000928,25,20134.87,True,0.856,418,low,critical,0.0273972602739726
mule_cust_000929,28,27383.45,True,0.831,485,low,high,0.005479452054794521
mule_cust_000930,22,24841.09,True,0.884,599,low,critical,0.005479452054794521
mule_cust_000931,20,34269.6,True,0.726,442,low,high,0.005479452054794521
mule_cust_000932,22,30430.24,True,0.629,578,medium,high,0.010958904109589041
mule_cust_000933,26,25886.9,True,0.772,554,medium,high,0.019178082191780823
mule_cust_000934,32,25464.26,True,0.837,515,low,high,0.019178082191780823
mule_cust_000935,22,27272.76,True,0.829,586,medium,critical,0.019178082191780823
mule_cust_000936,20,32872.71,True,0.865,467,medium,high,0.0136986301369863
mule_cust_000937,21,29034.77,True,0.647,516,low,high,0.00821917808219178
mule_cust_000938,25,29647.77,True,0.71,524,medium,critical,0.00821917808219178
mule_cust_000939,27,21627.04,True,0.701,448,low,high,0.0136986301369863
mule_cust_000940,27,21144.78,True,0.873,572,low,high,0.010958904109589041
mule_cust_000941,20,26690.86,True,0.816,453,low,critical,0.005479452054794521
mule_cust_000942,24,16534.46,True,0.766,491,low,high,0.010958904109589041
mule_cust_000943,35,24034.79,True,0.859,478,low,high,0.005479452054794521
mule_cust_000944,24,34716.11,True,0.711,580,medium,high,0.010958904109589041
mule_cust_000945,24,27964.67,True,0.683,633,medium,high,0.0027397260273972603
mule_cust_000946,28,17707.11,True,0.847,584,low,high,0.019178082191780823
mule_cust_000947,26,26634.73,True,0.882,400,low,high,0.005479452054794521
mule_cust_000948,20,28512.43,True,0.802,645,medium,high,0.0027397260273972603
mule_cust_000949,19,26047.32,True,0.745,434,medium,high,0.005479452054794521
mule_cust_000950,20,20085.22,True,0.887,442,low,high,0.0136986301369863
mule_cust_000951,25,33160.37,True,0.732,415,low,high,0.010958904109589041
mule_cust_000952,25,32398.76,True,0.857,438,medium,high,0.019178082191780823
mule_cust_000953,32,30102.67,True,0.695,557,medium,high,0.1232876712328767
mule_cust_000954,22,30828.2,True,0.725,489,low,critical,0.00821917808219178
mule_cust_000955,22,33817.6,True,0.811,486,medium,high,0.010958904109589041
mule_cust_000956,22,22882.72,True,0.687,418,medium,high,0.0136986301369863
mule_cust_000957,25,26612.9,True,0.608,432,medium,critical,0.0027397260273972603
mule_cust_000958,20,30718.51,True,0.758,645,low,high,0.057534246575342465
mule_cust_000959,19,31287.74,True,0.751,414,low,high,0.005479452054794521
mule_cust_000960,26,15482.2,True,0.617,534,low,high,0.0821917808219178
mule_cust_000961,31,22664.31,True,0.827,586,low,high,0.019178082191780823
mule_cust_000962,21,23823.01,True,0.672,497,low,high,0.005479452054794521
mule_cust_000963,29,26093.74,True,0.739,424,medium,critical,0.1643835616438356
mule_cust_000964,24,15291.34,True,0.603,566,medium,high,0.005479452054794521
mule_cust_000965,26,19409.75,True,0.67,572,low,high,0.019178082191780823
mule_cust_000966,29,31497.08,True,0.741,586,low,critical,0.010958904109589041
mule_cust_000967,21,28330.44,True,0.748,510,low,high,0.00821917808219178
mule_cust_000968,20,29845.87,True,0.723,539,low,high,0.0136986301369863
mule_cust_000969,23,25234.15,True,0.673,646,low,high,0.0027397260273972603
mule_cust_000970,21,24488.7,True,0.713,535,low,high,0.0027397260273972603
mule_cust_000971,25,26320.37,True,0.867,476,low,critical,0.0136986301369863
mule_cust_000972,20,33350.86,True,0.696,421,medium,critical,0.0821917808219178
mule_cust_000973,25,27911.44,True,0.867,509,medium,high,0.005479452054794521
mule_cust_000974,24,24031.31,True,0.606,587,medium,critical,0.0273972602739726
mule_cust_000975,20,25371.23,True,0.774,570,low,high,0.0273972602739726
mule_cust_000976,27,29575.72,True,0.648,442,medium,high,0.00821917808219178
mule_cust_000977,25,16535.16,True,0.776,578,medium,high,0.1643835616438356
mule_cust_000978,22,30319.43,True,0.741,619,medium,high,0.057534246575342465
mule_cust_000979,22,18541.65,True,0.615,535,medium,high,0.00821917808219178
mule_cust_000980,25,34263.18,True,0.63,596,low,high,0.038356164383561646
mule_cust_000981,19,18580.63,True,0.646,646,medium,critical,0.0027397260273972603
mule_cust_000982,20,21639.73,True,0.601,510,low,critical,0.0273972602739726
mule_cust_000983,23,30648.52,True,0.727,637,low,critical,0.010958904109589041
mule_cust_000984,33,29604.87,True,0.814,570,medium,high,0.005479452054794521
mule_cust_000985,33,18617.84,True,0.77,582,low,critical,0.0027397260273972603
mule_cust_000986,22,29631.24,True,0.807,579,low,high,0.0273972602739726
mule_cust_000987,30,16192.35,True,0.617,626,low,high,0.038356164383561646
mule_cust_000988,24,28515.23,True,0.766,549,low,high,0.00821917808219178
mule_cust_000989,20,28509.12,True,0.797,635,low,high,0.0027397260273972603
mule_cust_000990,28,26435.79,True,0.843,632,low,high,0.00821917808219178
mule_cust_000991,21,22108.79,True,0.648,550,low,high,0.1232876712328767
mule_cust_000992,26,33773.3,True,0.671,548,low,high,0.1643835616438356
mule_cust_000993,24,26069.44,True,0.78,514,low,high,0.0821917808219178
mule_cust_000994,29,20090.81,True,0.742,490,low,high,0.038356164383561646
mule_cust_000995,22,28899.06,True,0.646,489,medium,high,0.00821917808219178
mule_cust_000996,25,17610.09,True,0.698,645,low,high,0.005479452054794521
mule_cust_000997,23,26985.99,True,0.809,641,low,high,0.005479452054794521
mule_cust_000998,23,33160.3,True,0.75,474,low,high,0.005479452054794521
mule_cust_000999,26,33829.48,True,0.76,551,low,high,0.0273972602739726
